{"f1_weighted": 0.9415691952266682, "f1_macro": 0.9449723504979901, "overfitting_score": 3.1519490595984427}